{"cameraMode":{"drawMode":0,"name":"Shaded","section":"Shading Mode"},"sceneLighting":false,"audioPlay":false,"sceneViewState":{"showFog":true,"showMaterialUpdate":true,"showSkybox":true,"showFlares":true,"showImageEffects":true,"showParticleSystems":true},"in2DMode":false,"pivot":{"x":2.9483206272125246,"y":2.0326132774353029,"z":9.077627182006836},"rotation":{"x":0.13437852263450623,"y":0.055562250316143039,"z":-0.007546836975961924,"w":0.9893423318862915},"size":17.67230987548828,"orthographic":false}