{"cameraMode":{"drawMode":0,"name":"Shaded","section":"Shading Mode"},"sceneLighting":false,"audioPlay":false,"sceneViewState":{"showFog":true,"showMaterialUpdate":true,"showSkybox":true,"showFlares":true,"showImageEffects":true,"showParticleSystems":true},"in2DMode":false,"pivot":{"x":1.2951226234436036,"y":3.083402633666992,"z":5.339637756347656},"rotation":{"x":0.3889068365097046,"y":-0.08823397755622864,"z":0.037450216710567477,"w":0.9162771701812744},"size":21.63954734802246,"orthographic":false}