{"cameraMode":{"drawMode":0,"name":"Shaded","section":"Shading Mode"},"sceneLighting":false,"audioPlay":false,"sceneViewState":{"showFog":true,"showMaterialUpdate":true,"showSkybox":true,"showFlares":true,"showImageEffects":true,"showParticleSystems":true},"in2DMode":false,"pivot":{"x":-3.029719352722168,"y":-0.37256288528442385,"z":2.0972089767456056},"rotation":{"x":0.20549710094928742,"y":-0.5204419493675232,"z":0.1306753158569336,"w":0.8184345960617065},"size":16.526519775390626,"orthographic":false}