{"cameraMode":{"drawMode":0,"name":"Shaded","section":"Shading Mode"},"sceneLighting":false,"audioPlay":false,"sceneViewState":{"showFog":true,"showMaterialUpdate":true,"showSkybox":true,"showFlares":true,"showImageEffects":true,"showParticleSystems":true},"in2DMode":false,"pivot":{"x":-0.8559813499450684,"y":-3.4403247833251955,"z":9.622557640075684},"rotation":{"x":0.3889068365097046,"y":-0.08823397755622864,"z":0.037450216710567477,"w":0.9162771701812744},"size":20.762720108032228,"orthographic":false}