{"cameraMode":{"drawMode":0,"name":"Shaded","section":"Shading Mode"},"sceneLighting":false,"audioPlay":false,"sceneViewState":{"showFog":true,"showMaterialUpdate":true,"showSkybox":true,"showFlares":true,"showImageEffects":true,"showParticleSystems":true},"in2DMode":false,"pivot":{"x":-23.289731979370118,"y":-24.619449615478517,"z":3.541828155517578},"rotation":{"x":0.2850359380245209,"y":-0.6434810757637024,"z":0.281130313873291,"w":0.6524204015731812},"size":63.20100402832031,"orthographic":false}