{"cameraMode":{"drawMode":0,"name":"Shaded","section":"Shading Mode"},"sceneLighting":false,"audioPlay":false,"sceneViewState":{"showFog":true,"showMaterialUpdate":true,"showSkybox":true,"showFlares":true,"showImageEffects":true,"showParticleSystems":true},"in2DMode":false,"pivot":{"x":1.9516239166259766,"y":0.2817697525024414,"z":0.4329185485839844},"rotation":{"x":0.2098870426416397,"y":-0.019064273685216905,"z":0.004093321971595287,"w":0.9775312542915344},"size":8.859436988830567,"orthographic":false}