{"cameraMode":{"drawMode":0,"name":"Shaded","section":"Shading Mode"},"sceneLighting":false,"audioPlay":false,"sceneViewState":{"showFog":true,"showMaterialUpdate":true,"showSkybox":true,"showFlares":true,"showImageEffects":true,"showParticleSystems":true},"in2DMode":false,"pivot":{"x":1.0408008098602296,"y":0.12959492206573487,"z":3254.26806640625},"rotation":{"x":0.18593265116214753,"y":-0.06979665905237198,"z":0.013242640532553196,"w":0.9799908995628357},"size":8.787491798400879,"orthographic":false}