{"cameraMode":{"drawMode":0,"name":"Shaded","section":"Shading Mode"},"sceneLighting":false,"audioPlay":false,"sceneViewState":{"showFog":true,"showMaterialUpdate":true,"showSkybox":true,"showFlares":true,"showImageEffects":true,"showParticleSystems":true},"in2DMode":false,"pivot":{"x":-0.18106722831726075,"y":0.4521031379699707,"z":0.5430359840393066},"rotation":{"x":0.194687157869339,"y":-0.2708171010017395,"z":0.05602607876062393,"w":0.9410718083381653},"size":4.07210636138916,"orthographic":false}