{"cameraMode":{"drawMode":0,"name":"Shaded","section":"Shading Mode"},"sceneLighting":false,"audioPlay":false,"sceneViewState":{"showFog":true,"showMaterialUpdate":true,"showSkybox":true,"showFlares":true,"showImageEffects":true,"showParticleSystems":true},"in2DMode":false,"pivot":{"x":0.0,"y":1.4999998807907105,"z":-0.006213545799255371},"rotation":{"x":0.08801500499248505,"y":-0.09101477265357971,"z":0.008075928315520287,"w":0.9919196367263794},"size":12.729533195495606,"orthographic":false}