{"cameraMode":{"drawMode":0,"name":"Shaded","section":"Shading Mode"},"sceneLighting":false,"audioPlay":false,"sceneViewState":{"showFog":true,"showMaterialUpdate":true,"showSkybox":true,"showFlares":true,"showImageEffects":true,"showParticleSystems":true},"in2DMode":false,"pivot":{"x":-6.105466365814209,"y":10.970677375793457,"z":22.793582916259767},"rotation":{"x":-0.05736703425645828,"y":-0.08376212418079376,"z":-0.0048303804360330109,"w":0.9948214292526245},"size":43.710975646972659,"orthographic":false}