{"cameraMode":{"drawMode":0,"name":"Shaded","section":"Shading Mode"},"sceneLighting":false,"audioPlay":false,"sceneViewState":{"showFog":true,"showMaterialUpdate":true,"showSkybox":true,"showFlares":true,"showImageEffects":true,"showParticleSystems":true},"in2DMode":false,"pivot":{"x":1.3477340936660767,"y":5.933342456817627,"z":5.9504547119140629},"rotation":{"x":0.09733329713344574,"y":-0.015821944922208787,"z":0.0015475205145776272,"w":0.995124876499176},"size":17.615543365478517,"orthographic":false}