{"cameraMode":{"drawMode":0,"name":"Shaded","section":"Shading Mode"},"sceneLighting":false,"audioPlay":false,"sceneViewState":{"showFog":true,"showMaterialUpdate":true,"showSkybox":true,"showFlares":true,"showImageEffects":true,"showParticleSystems":true},"in2DMode":false,"pivot":{"x":5.202743053436279,"y":4.587926864624023,"z":12.959756851196289},"rotation":{"x":0.022336579859256746,"y":-0.9766911268234253,"z":-0.12729251384735108,"w":-0.1713828146457672},"size":32.88682556152344,"orthographic":false}