{"cameraMode":{"drawMode":0,"name":"Shaded","section":"Shading Mode"},"sceneLighting":false,"audioPlay":false,"sceneViewState":{"showFog":true,"showMaterialUpdate":true,"showSkybox":true,"showFlares":true,"showImageEffects":true,"showParticleSystems":true},"in2DMode":false,"pivot":{"x":-0.05337810516357422,"y":-9.380162239074707,"z":-11.025016784667969},"rotation":{"x":0.00189021707046777,"y":-0.9922181367874146,"z":0.1235688328742981,"w":0.015177958644926548},"size":56.190181732177737,"orthographic":false}