{"cameraMode":{"drawMode":0,"name":"Shaded","section":"Shading Mode"},"sceneLighting":false,"audioPlay":false,"sceneViewState":{"showFog":true,"showMaterialUpdate":true,"showSkybox":true,"showFlares":true,"showImageEffects":true,"showParticleSystems":true},"in2DMode":false,"pivot":{"x":-3.229792594909668,"y":4.569693565368652,"z":18.320741653442384},"rotation":{"x":0.02213730290532112,"y":0.9772985577583313,"z":-0.13124996423721314,"w":0.1648363173007965},"size":21.457475662231447,"orthographic":true}