{"cameraMode":{"drawMode":0,"name":"Shaded","section":"Shading Mode"},"sceneLighting":false,"audioPlay":false,"sceneViewState":{"showFog":true,"showMaterialUpdate":true,"showSkybox":true,"showFlares":true,"showImageEffects":true,"showParticleSystems":true},"in2DMode":false,"pivot":{"x":-1.4489555358886719,"y":5.409206867218018,"z":15.035045623779297},"rotation":{"x":0.06853687018156052,"y":-0.10842443257570267,"z":0.007493212353438139,"w":0.9917110204696655},"size":37.84952926635742,"orthographic":false}