{"cameraMode":{"drawMode":0,"name":"Shaded","section":"Shading Mode"},"sceneLighting":false,"audioPlay":false,"sceneViewState":{"showFog":true,"showMaterialUpdate":true,"showSkybox":true,"showFlares":true,"showImageEffects":true,"showParticleSystems":true},"in2DMode":false,"pivot":{"x":-12.196210861206055,"y":-3.2129809856414797,"z":12.927068710327149},"rotation":{"x":0.008357012644410134,"y":-0.9416947364807129,"z":0.023452775552868844,"w":0.3355461359024048},"size":35.165164947509769,"orthographic":false}