{"cameraMode":{"drawMode":0,"name":"Shaded","section":"Shading Mode"},"sceneLighting":false,"audioPlay":false,"sceneViewState":{"showFog":true,"showMaterialUpdate":true,"showSkybox":true,"showFlares":true,"showImageEffects":true,"showParticleSystems":true},"in2DMode":false,"pivot":{"x":7.310565948486328,"y":0.6082119941711426,"z":18.145498275756837},"rotation":{"x":-0.06445138156414032,"y":0.9285715818405151,"z":0.19268159568309785,"w":0.31060367822647097},"size":26.645782470703126,"orthographic":false}