{"cameraMode":{"drawMode":0,"name":"Shaded","section":"Shading Mode"},"sceneLighting":false,"audioPlay":false,"sceneViewState":{"showFog":true,"showMaterialUpdate":true,"showSkybox":true,"showFlares":true,"showImageEffects":true,"showParticleSystems":true},"in2DMode":false,"pivot":{"x":0.5476901531219482,"y":2.1432299613952638,"z":0.5391335487365723},"rotation":{"x":0.11946353316307068,"y":-0.06399165093898773,"z":0.00771610252559185,"w":0.9907441735267639},"size":5.6038923263549809,"orthographic":false}