{"cameraMode":{"drawMode":0,"name":"Shaded","section":"Shading Mode"},"sceneLighting":false,"audioPlay":false,"sceneViewState":{"showFog":true,"showMaterialUpdate":true,"showSkybox":true,"showFlares":true,"showImageEffects":true,"showParticleSystems":true},"in2DMode":false,"pivot":{"x":-13.561779022216797,"y":-20.39555549621582,"z":36.71879196166992},"rotation":{"x":0.26629456877708437,"y":-0.22580520808696748,"z":0.06432060897350311,"w":0.9348594546318054},"size":45.91183090209961,"orthographic":false}